-- MySQL dump 10.13  Distrib 8.0.45, for Win64 (x86_64)
--
-- Host: localhost    Database: dgpos
-- ------------------------------------------------------
-- Server version	8.0.45

/*!40101 SET @OLD_CHARACTER_SET_CLIENT=@@CHARACTER_SET_CLIENT */;
/*!40101 SET @OLD_CHARACTER_SET_RESULTS=@@CHARACTER_SET_RESULTS */;
/*!40101 SET @OLD_COLLATION_CONNECTION=@@COLLATION_CONNECTION */;
/*!50503 SET NAMES utf8mb4 */;
/*!40103 SET @OLD_TIME_ZONE=@@TIME_ZONE */;
/*!40103 SET TIME_ZONE='+00:00' */;
/*!40014 SET @OLD_UNIQUE_CHECKS=@@UNIQUE_CHECKS, UNIQUE_CHECKS=0 */;
/*!40014 SET @OLD_FOREIGN_KEY_CHECKS=@@FOREIGN_KEY_CHECKS, FOREIGN_KEY_CHECKS=0 */;
/*!40101 SET @OLD_SQL_MODE=@@SQL_MODE, SQL_MODE='NO_AUTO_VALUE_ON_ZERO' */;
/*!40111 SET @OLD_SQL_NOTES=@@SQL_NOTES, SQL_NOTES=0 */;

--
-- Table structure for table `items`
--

DROP TABLE IF EXISTS `items`;
/*!40101 SET @saved_cs_client     = @@character_set_client */;
/*!50503 SET character_set_client = utf8mb4 */;
CREATE TABLE `items` (
  `upc` varchar(50) NOT NULL,
  `name` varchar(100) NOT NULL,
  `price` decimal(10,2) NOT NULL,
  PRIMARY KEY (`upc`)
) ENGINE=InnoDB DEFAULT CHARSET=utf8mb4 COLLATE=utf8mb4_0900_ai_ci;
/*!40101 SET character_set_client = @saved_cs_client */;

--
-- Dumping data for table `items`
--

LOCK TABLES `items` WRITE;
/*!40000 ALTER TABLE `items` DISABLE KEYS */;
INSERT INTO `items` VALUES ('000000000000','VOIDED ITEM',0.00),('02620014443','Slim Jim Smoked Snack Sticks 14ct',4.50),('028400047685','DORITOS NACHO CHS',4.50),('037000874514','TIDE PODS 16CT',6.00),('03800013843','Pringles Sour Cream & Onion',3.50),('123456789012','COCA-COLA 20OZ',2.25);
/*!40000 ALTER TABLE `items` ENABLE KEYS */;
UNLOCK TABLES;

--
-- Table structure for table `transaction_logs`
--

DROP TABLE IF EXISTS `transaction_logs`;
/*!40101 SET @saved_cs_client     = @@character_set_client */;
/*!50503 SET character_set_client = utf8mb4 */;
CREATE TABLE `transaction_logs` (
  `id` int NOT NULL AUTO_INCREMENT,
  `eid` varchar(50) NOT NULL,
  `action` varchar(50) NOT NULL,
  `upc` varchar(50) DEFAULT NULL,
  `timestamp` timestamp NULL DEFAULT CURRENT_TIMESTAMP,
  PRIMARY KEY (`id`)
) ENGINE=InnoDB AUTO_INCREMENT=77 DEFAULT CHARSET=utf8mb4 COLLATE=utf8mb4_0900_ai_ci;
/*!40101 SET character_set_client = @saved_cs_client */;

--
-- Dumping data for table `transaction_logs`
--

LOCK TABLES `transaction_logs` WRITE;
/*!40000 ALTER TABLE `transaction_logs` DISABLE KEYS */;
INSERT INTO `transaction_logs` VALUES (1,'3756772','LOGIN','','2026-03-19 22:42:32'),(2,'3756772','SCAN','A03800013843','2026-03-19 22:42:44'),(3,'3756772','LOGIN','','2026-03-19 22:54:42'),(4,'3756772','SCAN','A03800013843','2026-03-19 22:54:46'),(5,'3756772','LOGIN','','2026-03-19 22:56:32'),(6,'3756772','SCAN','3800013843','2026-03-19 22:56:34'),(7,'3756772','LOGIN','','2026-03-19 22:57:36'),(8,'3756772','SCAN','03800013843','2026-03-19 22:57:37'),(9,'3756772','SCAN','02620014443','2026-03-19 22:58:31'),(10,'3756772','ITEM_VOID','02620014443','2026-03-19 22:58:47'),(11,'3756772','SCAN','02620014443','2026-03-19 23:00:07'),(12,'3756772','TENDER_CASH','ALL','2026-03-19 23:00:18'),(13,'3756772','SCAN','03800013843','2026-03-19 23:00:21'),(14,'3756772','TENDER_CARD','ALL','2026-03-19 23:00:23'),(15,'3756772','SCAN','02620010192','2026-03-19 23:00:28'),(16,'3756772','LOGIN','','2026-03-19 23:02:54'),(17,'3756772','SCAN','03800013843','2026-03-19 23:02:59'),(18,'3756772','SCAN','02620014443','2026-03-19 23:03:04'),(19,'3756772','TRANS_VOID','ALL','2026-03-19 23:03:22'),(20,'3756772','LOGIN','','2026-03-19 23:06:16'),(21,'3756772','SCAN','03800013843','2026-03-19 23:06:18'),(22,'3756772','ITEM_VOID','03800013843','2026-03-19 23:06:23'),(23,'3756772','SCAN','03800013843','2026-03-19 23:06:25'),(24,'3756772','TRANS_VOID','ALL','2026-03-19 23:06:27'),(25,'3756772','SCAN','03800013843','2026-03-19 23:06:29'),(26,'3756772','SCAN','03800013843','2026-03-19 23:06:33'),(27,'3756772','DISCOUNT','03800013843','2026-03-19 23:06:43'),(28,'3756772','DISCOUNT','03800013843','2026-03-19 23:06:45'),(29,'3756772','DISCOUNT','03800013843','2026-03-19 23:06:47'),(30,'3756772','SUSPEND','ALL','2026-03-19 23:06:50'),(31,'3756772','RETURN','03800013843','2026-03-19 23:07:11'),(32,'3756772','TRANS_VOID','ALL','2026-03-19 23:07:20'),(33,'3756772','SCAN','03800013843','2026-03-19 23:07:24'),(34,'3756772','LOGIN','','2026-03-19 23:15:48'),(35,'3756772','SCAN','03800013843','2026-03-19 23:15:53'),(36,'3756772','QUANTITY_CHANGE','03800013843 x10','2026-03-19 23:16:02'),(37,'3756772','LOGIN','','2026-03-19 23:19:13'),(38,'3756772','SCAN','03800013843','2026-03-19 23:19:26'),(39,'3756772','SCAN','02620014443','2026-03-19 23:19:28'),(40,'3756772','TENDER_CASH','ALL','2026-03-19 23:19:32'),(41,'3756772','LOGIN','','2026-03-19 23:21:19'),(42,'3756772','SCAN','03800013843','2026-03-19 23:21:20'),(43,'3756772','SCAN','02620014443','2026-03-19 23:21:22'),(44,'3756772','TENDER_CARD','ALL','2026-03-19 23:21:25'),(45,'3756772','SCAN','03800013843','2026-03-19 23:21:27'),(46,'3756772','SCAN','httpÖ--congra.net-ugtfprh','2026-03-19 23:21:30'),(47,'3756772','TENDER_CASH','ALL','2026-03-19 23:21:32'),(48,'3756772','LOGIN','','2026-03-19 23:24:00'),(49,'3756772','SCAN','03800013843','2026-03-19 23:24:08'),(50,'3756772','TENDER_CASH','ALL','2026-03-19 23:24:10'),(51,'3756772','SCAN','03800013843','2026-03-19 23:24:31'),(52,'3756772','TENDER_CASH','ALL','2026-03-19 23:24:33'),(53,'3756772','LOGIN','','2026-03-19 23:27:36'),(54,'3756772','SCAN','03800013843','2026-03-19 23:27:53'),(55,'3756772','SCAN','03800013843','2026-03-19 23:27:54'),(56,'3756772','SCAN','02620014443','2026-03-19 23:27:55'),(57,'3756772','TENDER_CASH','ALL','2026-03-19 23:27:58'),(58,'3756772','RETURN','03800013843','2026-03-19 23:30:26'),(59,'3756772','TENDER_CASH','ALL','2026-03-19 23:30:33'),(60,'3780722','LOGIN','','2026-03-19 23:39:01'),(61,'3780722','SCAN','03800013843','2026-03-19 23:39:19'),(62,'3780722','DISCOUNT','03800013843','2026-03-19 23:39:22'),(63,'3780722','DISCOUNT','03800013843','2026-03-19 23:39:25'),(64,'3780722','SUSPEND','ALL','2026-03-19 23:39:27'),(65,'3780722','SCAN','03800013843','2026-03-19 23:39:36'),(66,'3780722','TENDER_CASH','ALL','2026-03-19 23:39:38'),(67,'3756772','LOGIN','','2026-03-19 23:44:55'),(68,'3756772','SCAN','03800013843','2026-03-19 23:44:57'),(69,'3756772','DISCOUNT','03800013843','2026-03-19 23:45:01'),(70,'3756772','LOGOUT','','2026-03-19 23:45:02'),(71,'3780722','LOGIN','','2026-03-19 23:45:13'),(72,'3780722','SCAN','03800013843','2026-03-19 23:45:14'),(73,'3780722','DISCOUNT','03800013843','2026-03-19 23:45:35'),(74,'3780722','TENDER_CASH','ALL','2026-03-19 23:45:39'),(75,'3780722','LOGOUT','','2026-03-19 23:46:04'),(76,'3780722','LOGIN','','2026-03-19 23:48:36');
/*!40000 ALTER TABLE `transaction_logs` ENABLE KEYS */;
UNLOCK TABLES;

--
-- Table structure for table `users`
--

DROP TABLE IF EXISTS `users`;
/*!40101 SET @saved_cs_client     = @@character_set_client */;
/*!50503 SET character_set_client = utf8mb4 */;
CREATE TABLE `users` (
  `eid` varchar(50) NOT NULL,
  `name` varchar(100) NOT NULL,
  `pin` varchar(50) NOT NULL DEFAULT '0000',
  `role` varchar(10) NOT NULL DEFAULT 'SA',
  PRIMARY KEY (`eid`)
) ENGINE=InnoDB DEFAULT CHARSET=utf8mb4 COLLATE=utf8mb4_0900_ai_ci;
/*!40101 SET character_set_client = @saved_cs_client */;

--
-- Dumping data for table `users`
--

LOCK TABLES `users` WRITE;
/*!40000 ALTER TABLE `users` DISABLE KEYS */;
INSERT INTO `users` VALUES ('3756772','Tyke','3063','SM'),('3780722','Amanda','2781','SA');
/*!40000 ALTER TABLE `users` ENABLE KEYS */;
UNLOCK TABLES;
/*!40103 SET TIME_ZONE=@OLD_TIME_ZONE */;

/*!40101 SET SQL_MODE=@OLD_SQL_MODE */;
/*!40014 SET FOREIGN_KEY_CHECKS=@OLD_FOREIGN_KEY_CHECKS */;
/*!40014 SET UNIQUE_CHECKS=@OLD_UNIQUE_CHECKS */;
/*!40101 SET CHARACTER_SET_CLIENT=@OLD_CHARACTER_SET_CLIENT */;
/*!40101 SET CHARACTER_SET_RESULTS=@OLD_CHARACTER_SET_RESULTS */;
/*!40101 SET COLLATION_CONNECTION=@OLD_COLLATION_CONNECTION */;
/*!40111 SET SQL_NOTES=@OLD_SQL_NOTES */;

-- Dump completed on 2026-03-19 19:19:17
